"Title","University","Degree","Duration","Tuition","Link","Language"
"Beauty Therapy","St. Ignatius of Loyola College","Bachelor's studies (college)",3,5200,"https://studyin.lt/programs/beauty-therapy-3/","English"
"Hospitality Management","St. Ignatius of Loyola College","Bachelor's studies (college)",3,5200,"https://studyin.lt/programs/hospitality-management-2/","English"
"Social Work","St. Ignatius of Loyola College","Bachelor's studies (college)",3,5200,"https://studyin.lt/programs/social-work-6/","English"
"Pastoral Care","St. Ignatius of Loyola College","Bachelor's studies (college)",3,5200,"https://studyin.lt/programs/pastoral-care/","English"
"Innovative Communication and Entrepreneurship","Vilnius University","Bachelor's studies (university)",4,3700,"https://studyin.lt/programs/innovative-communication-and-entrepreneurship/","English"
"Linguistics (Baltic Linguistics)","Vilnius University","Master‘s studies",2,4606,"https://studyin.lt/programs/linguistics-baltic-linguistics/","English"
"Economics","Kaunas University of Technology","Bachelor's studies (university)",4,3176,"https://studyin.lt/programs/economics-7/","English"
"Politics, Philosophy and Society","Kaunas University of Technology","Bachelor's studies (university)",4,3176,"https://studyin.lt/programs/politics-philosophy-and-society/","English"
"Social Innovations and Research","Kaunas University of Technology","Master‘s studies",2,4606,"https://studyin.lt/programs/social-innovations-and-research/","English"
"Innovation Management and Entrepreneurship","Kaunas University of Technology","Master‘s studies",2,4606,"https://studyin.lt/programs/innovation-management-and-entrepreneurship-2/","English"
"Design for Sustainable Future","Kaunas University of Technology","Master‘s studies",2,6634,"https://studyin.lt/programs/design-for-sustainable-future/","English"
"Mathematics","Kaunas University of Technology","Doctoral studies",4,0,"https://studyin.lt/programs/mathematics-2/","English"
"PhD in Environmental Engineering","Vilnius Gediminas Technical University (VILNIUS TECH)","Doctoral studies",4,12449,"https://studyin.lt/programs/phd-in-environmental-engineering/","English"
"PhD in Transport Engineering","Vilnius Gediminas Technical University (VILNIUS TECH)","Doctoral studies",4,12449,"https://studyin.lt/programs/phd-in-transport-engineering/","English"
"PhD in Materials Engineering","Vilnius Gediminas Technical University (VILNIUS TECH)","Doctoral studies",4,12449,"https://studyin.lt/programs/phd-in-materials-engineering/","English"
"PhD in Civil Engineering","Vilnius Gediminas Technical University (VILNIUS TECH)","Doctoral studies",4,12449,"https://studyin.lt/programs/phd-in-geotechnical-engineering/","English"
"PhD in Mechanical Engineering","Vilnius Gediminas Technical University (VILNIUS TECH)","Doctoral studies",4,12449,"https://studyin.lt/programs/phd-in-mechanical-engineering/","English"
"PhD in Communication and Information","Vilnius Gediminas Technical University (VILNIUS TECH)","Doctoral studies",4,12449,"https://studyin.lt/programs/phd-in-communication-and-information/","English"
"PhD in Communication and Information","Vilnius Gediminas Technical University (VILNIUS TECH)","Doctoral studies",4,12449,"https://studyin.lt/programs/phd-in-communication-and-information-2/","English"
"PhD in Communication and Information","Vilnius Gediminas Technical University (VILNIUS TECH)","Doctoral studies",4,12449,"https://studyin.lt/programs/phd-in-communication-and-information-3/","English"
"PhD in Communication and Information","Vilnius Gediminas Technical University (VILNIUS TECH)","Doctoral studies",4,12449,"https://studyin.lt/programs/phd-in-communication-and-information-4/","English"
"PhD in Communication and Information","Vilnius Gediminas Technical University (VILNIUS TECH)","Doctoral studies",4,12449,"https://studyin.lt/programs/phd-in-communication-and-information-5/","English"
"PhD in History and Theory of Arts","Vilnius Gediminas Technical University (VILNIUS TECH)","Doctoral studies",4,12449,"https://studyin.lt/programs/phd-in-history-and-theory-of-arts/","English"
"PhD in Mechanical Engineering","Vilnius Gediminas Technical University (VILNIUS TECH)","Doctoral studies",4,12449,"https://studyin.lt/programs/phd-in-mechanical-engineering-2/","English"
"PhD in Mechanical Engineering","Vilnius Gediminas Technical University (VILNIUS TECH)","Doctoral studies",4,12449,"https://studyin.lt/programs/phd-in-mechanical-engineering-3/","English"
"PhD in Environmental Engineering","Vilnius Gediminas Technical University (VILNIUS TECH)","Doctoral studies",4,12449,"https://studyin.lt/programs/phd-in-environmental-engineering-2/","English"
"PhD in Environmental Engineering","Vilnius Gediminas Technical University (VILNIUS TECH)","Doctoral studies",4,12449,"https://studyin.lt/programs/phd-in-environmental-engineering-3/","English"
"PhD in Management","Vilnius Gediminas Technical University (VILNIUS TECH)","Doctoral studies",4,12449,"https://studyin.lt/programs/phd-in-management-2/","English"
"PhD in Management","Vilnius Gediminas Technical University (VILNIUS TECH)","Doctoral studies",4,12449,"https://studyin.lt/programs/phd-in-management-3/","English"
"PhD in Management","Vilnius Gediminas Technical University (VILNIUS TECH)","Doctoral studies",4,12449,"https://studyin.lt/programs/phd-in-management-4/","English"
"PhD in Economics","Vilnius Gediminas Technical University (VILNIUS TECH)","Doctoral studies",4,12449,"https://studyin.lt/programs/phd-in-economics-2/","English"
"PhD in Economics","Vilnius Gediminas Technical University (VILNIUS TECH)","Doctoral studies",4,12449,"https://studyin.lt/programs/phd-in-economics-3/","English"
"PhD in Electrical and Electronics Engineering","Vilnius Gediminas Technical University (VILNIUS TECH)","Doctoral studies",4,12449,"https://studyin.lt/programs/phd-in-electrical-and-electronics-engineering/","English"
"Fashion Management","Kazimieras Simonavicius University (KSU)","Master‘s studies",1.5,4400,"https://studyin.lt/programs/fashion-management/","English"
"Contemporary Communication and Media","Kazimieras Simonavicius University (KSU)","Bachelor's studies (university)",3.5,3500,"https://studyin.lt/programs/contemporary-communication-and-media/","English"
"English for Specific Purposes and Interculturality","Mykolas Romeris University","Master‘s studies",2,4984,"https://studyin.lt/programs/english-for-specific-purposes-and-interculturality/","English"
"Cinema Industry Management","Kazimieras Simonavicius University (KSU)","Bachelor's studies (university)",3.5,3600,"https://studyin.lt/programs/cinema-industry-management/","English"
"Language and AI Management","Vilnius University","Bachelor's studies (university)",4,4000,"https://studyin.lt/programs/language-and-ai-management/","English"
"Economics and Management","Vilnius University","Bachelor's studies (university)",3.5,3600,"https://studyin.lt/programs/economics-and-management/","English"
"Customs Process Management (Online)","Vytautas Magnus University","Master‘s studies",1,4384,"https://studyin.lt/programs/customs-process-management-online/","English"
"Economics and Finance","Vilnius University","Bachelor's studies (university)",4,3666,"https://studyin.lt/programs/economics-and-finance-2/","English"
"Aquamatics","Vytautas Magnus University","Master‘s studies",2,5266,"https://studyin.lt/programs/aquamatics/","English"
"Sport Studies (in Kaunas)","Vytautas Magnus University","Bachelor's studies (university)",4,5204,"https://studyin.lt/programs/sport-studies-in-kaunas/","English"
"Strategic Management of Information Systems","Vilnius University","Master‘s studies",1.5,5460,"https://studyin.lt/programs/strategic-management-of-information-systems/","English"
"Photography (Kaunas)","Vilnius Academy of Arts","Master‘s studies",2,6985,"https://studyin.lt/programs/photography-kaunas/","English"
"Sculpture (Telšiai)","Vilnius Academy of Arts","Bachelor's studies (university)",4,5555,"https://studyin.lt/programs/sculpture-telsiai/","English"
"Artworks Restoration and Conservation (Telšiai)","Vilnius Academy of Arts","Bachelor's studies (university)",4,5555,"https://studyin.lt/programs/artworks-restoration-and-conservation-telsiai/","English"
"Graphic Design (Klaipėda)","Vilnius Academy of Arts","Bachelor's studies (university)",4,5555,"https://studyin.lt/programs/graphic-design-klaipeda/","English"
"Public Health Education","Klaipeda University","Master‘s studies",2,5538,"https://studyin.lt/programs/public-health-education/","English"
"Public Health","Klaipeda University","Bachelor's studies (university)",3,4108,"https://studyin.lt/programs/public-health-2/","English"
"Preparatory English Language Course B2","Mykolas Romeris University","Non-degree studies",0.5,1180,"https://studyin.lt/programs/preparatory-english-language-courses-b1/","English"
"Fashion Design","Kauno kolegija Higher Education Institution","Bachelor's studies (college)",3.5,4505,"https://studyin.lt/programs/fashion-design/","English"
"Oral hygiene","Kauno kolegija Higher Education Institution","Bachelor's studies (college)",3,3353,"https://studyin.lt/programs/oral-hygiene/","English"
"Sustainability and Future Societies","Vilnius University","Bachelor's studies (university)",4,3185,"https://studyin.lt/programs/sustainability-and-future-societies/","English"
"Bioinformatics","Vilnius University","Bachelor's studies (university)",4,4000,"https://studyin.lt/programs/bioinformatics/","English"
"Financial Data Analytics and Sustainable Finance (FINDATA)","Vilnius University","Master‘s studies",2,5998,"https://studyin.lt/programs/financial-data-analytics-and-sustainable-finance-findata/","English"
"Strategic Economics","Vilnius University","Bachelor's studies (university)",1.5,5460,"https://studyin.lt/programs/strategic-economics/","English"
"Italian Philology","Vilnius University","Bachelor's studies (university)",4,4050,"https://studyin.lt/programs/italian-philology/","English"
"Central and East European Languages and Cultures (Russian Studies)","Vilnius University","Bachelor's studies (university)",4,4050,"https://studyin.lt/programs/central-and-east-european-languages-and-cultures-russian-studies/","Russian"
"International Trade and Customs Logistics","SMK College of Applied Sciences","Bachelor's studies (college)",3,2450,"https://studyin.lt/programs/international-trade-and-customs-logistics/","English"
"Future Business and Artificial Intelligence","SMK College of Applied Sciences","Bachelor's studies (college)",3,2450,"https://studyin.lt/programs/future-business-and-artificial-intelligence/","English"
"Sustainable Business and Green Technologies","SMK College of Applied Sciences","Bachelor's studies (college)",3,2450,"https://studyin.lt/programs/sustainable-business-and-green-technologies/","English"
"Restoration of Art and Interior Heritage (Vilnius)","Vilnius Academy of Arts","Master‘s studies",2,6985,"https://studyin.lt/programs/restoration-of-art-and-interior-heritage/","English"
"Business Building and Management","SMK College of Applied Sciences","Bachelor's studies (college)",3,2450,"https://studyin.lt/programs/business-building-and-management/","English"
"Design (Vilnius)","Vilnius Academy of Arts","Bachelor's studies (university)",4,5555,"https://studyin.lt/programs/design-vilnius-2/","English"
"Graphic Art (Vilnius)","Vilnius Academy of Arts","Bachelor's studies (university)",4,5555,"https://studyin.lt/programs/graphic-art-vilnius/","English"
"Animation (Vilnius)","Vilnius Academy of Arts","Master‘s studies",2,6985,"https://studyin.lt/programs/animation-vilnius-2/","English"
"Illustration and Contexts (Kaunas)","Vilnius Academy of Arts","Master‘s studies",2,6985,"https://studyin.lt/programs/illustration-and-contexts-kaunas/","English"
"Computer Science","European Humanities University","Bachelor's studies (university)",3.5,1800,"https://studyin.lt/programs/computer-science/","English"
"Data Science and Artificial Intelligence","Kaunas University of Technology","Master‘s studies",1.5,5538,"https://studyin.lt/programs/data-science-and-artificial-intelligence/","English"
"Aviation Management","Kazimieras Simonavicius University (KSU)","Master‘s studies",1.5,7400,"https://studyin.lt/programs/masters-aviation-management/","English"
"PhD Position Opportunity in the science field of Civil Engineering","Kaunas University of Technology","Doctoral studies",4,0,"https://studyin.lt/programs/phd-position-opportunity-in-the-science-field-of-civil-engineering/","English"
"Business Sustainability Management","ISM University of Management and Economics","Master‘s studies",1.5,4300,"https://studyin.lt/programs/business-sustainability-management-2/","English"
"Economics and Data Analytics","ISM University of Management and Economics","Bachelor's studies (university)",3.5,3190,"https://studyin.lt/programs/economics-and-data-analytics/","English"
"Innovation and Technology Management","ISM University of Management and Economics","Master‘s studies",1.5,4300,"https://studyin.lt/programs/innovation-and-technology-management-2/","English"
"Business Management and Marketing","ISM University of Management and Economics","Bachelor's studies (university)",3.5,3190,"https://studyin.lt/programs/business-management-and-marketing-2/","English"
"Engineering Physics","Kaunas University of Technology","Bachelor's studies (university)",4,4108,"https://studyin.lt/programs/engineering-physics/","English"
"Communication and Information Sciences (PhD)","Vilnius University","Doctoral studies",4,11837,"https://studyin.lt/programs/communication-and-information-sciences/","English"
"Industrial Biotechnology","Kaunas University of Technology","Bachelor's studies (university)",4,0,"https://studyin.lt/programs/industrial-biotechnology-2/","English"
"Biomedical Materials Industries","Kaunas University of Technology","Bachelor's studies (university)",4,4108,"https://studyin.lt/programs/biomedical-materials-industries/","English"
"Applied Chemistry","Kaunas University of Technology","Bachelor's studies (university)",4,4108,"https://studyin.lt/programs/applied-chemistry-2/","English"
"Industrial Engineering","Kaunas University of Technology","Bachelor's studies (university)",4,4108,"https://studyin.lt/programs/industrial-engineering/","English"
"Lithuanian Studies","Vilnius University","Bachelor's studies (university)",4,0,"https://studyin.lt/programs/lithuanian-studies/","English"
"Automation and Electrical Engineering","Šiaulių valstybinė kolegija / Higher Education Institution","Bachelor's studies (college)",3,3300,"https://studyin.lt/programs/automation-and-electrical-engineering/","English"
"Languages and Cultures of the Nordic and Baltic Sea Region","Vilnius University","Master‘s studies",2,0,"https://studyin.lt/programs/languages-and-cultures-of-the-nordic-and-baltic-sea-region/","English"
"Pedagogy of Primary Education and Early Foreign Language Teaching (in Vilnius)","Vytautas Magnus University","Bachelor's studies (university)",4,3836,"https://studyin.lt/programs/pedagogy-of-primary-education-and-early-foreign-language-teaching-in-vilnius/","English"
"Ecology and Climate Change","Vytautas Magnus University","Master‘s studies",2,5266,"https://studyin.lt/programs/ecology-and-climate-change/","English"
"Hydraulic Engineering","Vytautas Magnus University","Master‘s studies",2,5266,"https://studyin.lt/programs/hydraulic-engineering-2/","English"
"Agronomy","Vytautas Magnus University","Master‘s studies",2,5266,"https://studyin.lt/programs/agronomy-2/","English"
"Sustainable Engineering","Vytautas Magnus University","Bachelor's studies (university)",4,3836,"https://studyin.lt/programs/sustainable-engineering/","English"
"Social Work: specialisation Social Work in the Context of Global Crises","Vytautas Magnus University","Master‘s studies",2,4384,"https://studyin.lt/programs/social-work-specialisation-social-work-in-the-context-of-global-crises/","English"
"International Cybersecurity and Cyberintelligence (The Arqus Joint MA Programme)","Vilnius University","Master‘s studies",2,3700,"https://studyin.lt/programs/international-cybersecurity-and-cyberintelligence-the-arqus-joint-ma-programme/","English"
"Art Management","Vilnius University","Master‘s studies",1.5,4900,"https://studyin.lt/programs/art-management/","English"
"Marketing Technologies","Vilnius University","Bachelor's studies (university)",3.5,4900,"https://studyin.lt/programs/marketing-technologies-2/","English"
"Nursing","Vilnius University","Bachelor's studies (university)",4,5000,"https://studyin.lt/programs/nursing-3/","English"
"General Practice Nursing","Kauno kolegija Higher Education Institution","Bachelor's studies (college)",3.5,2951,"https://studyin.lt/programs/general-practice-nursing-6/","English"
"Software systems","Kauno kolegija Higher Education Institution","Bachelor's studies (college)",3.5,2951,"https://studyin.lt/programs/software-systems/","English"
"PhD in Psychology","Mykolas Romeris University","Doctoral studies",4,4915,"https://studyin.lt/programs/phd-in-psychology/","English"
"PhD in Law","Mykolas Romeris University","Doctoral studies",4,4915,"https://studyin.lt/programs/phd-in-law/","English"
"PhD in Management","Mykolas Romeris University","Doctoral studies",4,4915,"https://studyin.lt/programs/phd-in-management/","English"
"PhD in Economics","Mykolas Romeris University","Doctoral studies",4,4915,"https://studyin.lt/programs/phd-in-economics/","English"
"PhD in Education Science","Mykolas Romeris University","Doctoral studies",4,4915,"https://studyin.lt/programs/phd-in-education-science/","English"
"Spanish Philology","Vilnius University","Bachelor's studies (university)",4,4050,"https://studyin.lt/programs/spanish-philology/","English"
"MBA Entrepreneurship & Innovation","Vilnius University","MBA",1,14000,"https://studyin.lt/programs/mba-entrepreneurship-innovation/","English"
"GOvernance and Administration of Leisure and sports","Mykolas Romeris University","Master‘s studies",2,4000,"https://studyin.lt/programs/governance-and-administration-of-leisure-and-sports/","English"
"Project Management","Mykolas Romeris University","Master‘s studies",1.5,4606,"https://studyin.lt/programs/project-management/","English"
"Digital Media Design","Mykolas Romeris University","Bachelor's studies (university)",4,4108,"https://studyin.lt/programs/digital-media-design/","English"
"Mathematics of Modern Technologies","Vilnius Gediminas Technical University (VILNIUS TECH)","Bachelor's studies (university)",4,3836,"https://studyin.lt/programs/mathematics-of-modern-technologies/","English"
"Architecture","Kaunas University of Technology","Doctoral studies",4,0,"https://studyin.lt/programs/architecture-3/","English"
"Photography","Kauno kolegija Higher Education Institution","Bachelor's studies (college)",3,4505,"https://studyin.lt/programs/photography/","English"
"Fashion Innovation Technologies","Kaunas University of Technology","Master‘s studies",1.5,5538,"https://studyin.lt/programs/fashion-innovation-technologies/","English"
"Construction Management","Kaunas University of Technology","Master‘s studies",1.5,5538,"https://studyin.lt/programs/construction-management/","English"
"Medicinal Chemistry","Kaunas University of Technology","Master‘s studies",2,5538,"https://studyin.lt/programs/medicinal-chemistry/","English"
"Fashion Engineering","Kaunas University of Technology","Bachelor's studies (university)",4,4108,"https://studyin.lt/programs/fashion-engineering/","English"
"Transport Electronics","Kaunas University of Technology","Bachelor's studies (university)",4,4108,"https://studyin.lt/programs/transport-electronics/","English"
"Electrical Engineering","Kaunas University of Technology","Bachelor's studies (university)",4,3836,"https://studyin.lt/programs/electrical-engineering-2/","English"
"Automation and Control","Kaunas University of Technology","Bachelor's studies (university)",4,4108,"https://studyin.lt/programs/automation-and-control/","English"
"Design","SMK College of Applied Sciences","Bachelor's studies (college)",3,2580,"https://studyin.lt/programs/design-3/","English"
"Photonics and Nanotechnology","Vilnius University","Master‘s studies",2,5266,"https://studyin.lt/programs/photonics-and-nanotechnology/","English"
"Educational Management","Vytautas Magnus University","Master‘s studies",2,5266,"https://studyin.lt/programs/educational-management/","English"
"Music Production","Vytautas Magnus University","Bachelor's studies (university)",3.5,8457,"https://studyin.lt/programs/music-production/","English"
"Accounting and Finance / Учет и Финансы (in Russian/English)","Vytautas Magnus University","Bachelor's studies (university)",4,2954,"https://studyin.lt/programs/accounting-and-finance-%d1%83%d1%87%d0%b5%d1%82-%d0%b8-%d1%84%d0%b8%d0%bd%d0%b0%d0%bd%d1%81%d1%8b/","Russian"
"Logistics and Commerce","Vytautas Magnus University","Bachelor's studies (university)",3.5,2954,"https://studyin.lt/programs/logistics-and-commerce/","English"
"Business Logistics","Vytautas Magnus University","Master‘s studies",1.5,4384,"https://studyin.lt/programs/business-logistics/","English"
"Online Courses: Research Methodology","Lithuania Business University of Applied Sciences","Non-degree studies",NA,2000,"https://studyin.lt/programs/online-courses-research-methodology/","English"
"Online Courses: Communication Psychology","Lithuania Business University of Applied Sciences","Non-degree studies",NA,1000,"https://studyin.lt/programs/online-courses-communication-psychology/","English"
"Online Courses: Course of Information Technologies","Lithuania Business University of Applied Sciences","Non-degree studies",NA,2000,"https://studyin.lt/programs/online-courses-course-of-information-technologies/","English"
"Online Courses: Modern Economic Theories (part I)","Lithuania Business University of Applied Sciences","Non-degree studies",NA,1000,"https://studyin.lt/programs/online-courses-modern-economic-theories-course-of-information-technologies-communication-psychology-applied-philosophy-research-methodology/","English"
"Central and East European Languages and Cultures (Polish Studies)","Vilnius University","Bachelor's studies (university)",4,4050,"https://studyin.lt/programs/polish-studies/","English"
"DeepTech Entrepreneurship","Vilnius University","Master‘s studies",1.5,5980,"https://studyin.lt/programs/deeptech-entrepreneurship/","English"
"International Project Management","Vilnius University","Master‘s studies",1.5,5980,"https://studyin.lt/programs/international-project-management/","English"
"Digital Marketing","Vilnius University","Master‘s studies",1.5,5980,"https://studyin.lt/programs/digital-marketing/","English"
"Global Business and Economics","Vilnius University","Master‘s studies",2,5460,"https://studyin.lt/programs/global-business-and-economics/","English"
"Marketing and Integrated Communication","Vilnius University","Master‘s studies",1.5,5460,"https://studyin.lt/programs/marketing-and-integrated-communication/","English"
"International Business Management","Vilnius University","Master‘s studies",2,4900,"https://studyin.lt/programs/international-business-management/","English"
"Finance and Banking","Vilnius University","Master‘s studies",1.5,5460,"https://studyin.lt/programs/finance-and-banking/","English"
"Data Science","Vilnius University","Master‘s studies",1.5,5500,"https://studyin.lt/programs/data-science/","English"
"International Communication","Vilnius University","Master‘s studies",1.5,4700,"https://studyin.lt/programs/international-communication/","English"
"International and European Law","Vilnius University","Master‘s studies",1.5,4500,"https://studyin.lt/programs/international-and-european-law/","English"
"Eastern European and Russian Studies","Vilnius University","Master‘s studies",1.5,4295,"https://studyin.lt/programs/eastern-european-and-russian-studies/","Russian"
"English Studies (Media Discourse)","Vilnius University","Master‘s studies",2,5500,"https://studyin.lt/programs/english-studies-media-linguistics/","English"
"English Studies (Literature, Linguistics, Culture)","Vilnius University","Master‘s studies",2,5500,"https://studyin.lt/programs/english-studies-literature-linguistics-culture/","English"
"English Studies (Linguistics)","Vilnius University","Master‘s studies",2,5500,"https://studyin.lt/programs/english-studies-linguistics/","English"
"Informatics","Vilnius University","Master‘s studies",2,5500,"https://studyin.lt/programs/informatics-4/","English"
"Software Engineering","Vilnius University","Master‘s studies",2,5500,"https://studyin.lt/programs/software-engineering-3/","English"
"Financial and Actuarial Mathematics","Vilnius University","Master‘s studies",1.5,5500,"https://studyin.lt/programs/financial-and-actuarial-mathematics/","English"
"Mathematics","Vilnius University","Master‘s studies",2,5500,"https://studyin.lt/programs/mathematics/","English"
"Computer Modelling","Vilnius University","Master‘s studies",1.5,5500,"https://studyin.lt/programs/computer-modelling/","English"
"Chemical Physics","Vilnius University","Master‘s studies",2,5266,"https://studyin.lt/programs/chemical-physics/","English"
"Electronics and Telecommunication Technologies","Vilnius University","Master‘s studies",2,5266,"https://studyin.lt/programs/electronics-and-telecommunication-technologies/","English"
"Theoretical Physics and Astrophysics","Vilnius University","Master‘s studies",2,5266,"https://studyin.lt/programs/theoretical-physics-and-astrophysics/","English"
"Geology","Vilnius University","Master‘s studies",2,5266,"https://studyin.lt/programs/geology-2/","English"
"Nanochemistry and Entrepreneurship","Vilnius University","Master‘s studies",NA,5266,"https://studyin.lt/programs/nanochemistry-and-entrepreneurship/","English"
"Pharmaceutical Chemistry","Vilnius University","Master‘s studies",2,5266,"https://studyin.lt/programs/pharmaceutical-chemistry/","English"
"Systems Biology","Vilnius University","Master‘s studies",2,5538,"https://studyin.lt/programs/systems-biology/","English"
"Biochemistry","Vilnius University","Master‘s studies",2,5266,"https://studyin.lt/programs/biochemistry/","English"
"Biophysics","Vilnius University","Master‘s studies",2,5266,"https://studyin.lt/programs/biophysics/","English"
"Molecular Biotechnology","Vilnius University","Master‘s studies",2,5266,"https://studyin.lt/programs/molecular-biotechnology/","English"
"Genetics","Vilnius University","Master‘s studies",2,5266,"https://studyin.lt/programs/genetics/","English"
"Molecular Biology","Vilnius University","Master‘s studies",1.5,5266,"https://studyin.lt/programs/molecular-biology/","English"
"Neurobiology","Vilnius University","Master‘s studies",2,5266,"https://studyin.lt/programs/neurobiology/","English"
"Social Work","Vilnius University","Master‘s studies",1.5,4384,"https://studyin.lt/programs/social-work-5/","English"
"Natural Systems Management","Vilnius University","Master‘s studies",2,5266,"https://studyin.lt/programs/natural-systems-management/","English"
"Medicine","Vilnius University","Integrated studies",6,13000,"https://studyin.lt/programs/medicine/","English"
"Dentistry","Vilnius University","Integrated studies",5,14000,"https://studyin.lt/programs/dentistry/","English"
"Information Systems and Cyber Security","Vilnius University","Bachelor's studies (university)",3.5,4900,"https://studyin.lt/programs/information-systems-and-cyber-security/","English"
"Software Engineering","Vilnius University","Bachelor's studies (university)",3.5,3836,"https://studyin.lt/programs/software-engineering-2/","English"
"Economics and Investment","Vilnius University","Bachelor's studies (university)",3.5,2954,"https://studyin.lt/programs/economics-4/","English"
"German Philology","Vilnius University","Bachelor's studies (university)",4,4050,"https://studyin.lt/programs/german-philology/","German"
"English Philology","Vilnius University","Bachelor's studies (university)",4,4050,"https://studyin.lt/programs/english-philology-2/","English"
"Light Engineering (Lasers)","Vilnius University","Bachelor's studies (university)",4,3836,"https://studyin.lt/programs/light-engineering/","English"
"Quantitative Economics","Vilnius University","Bachelor's studies (university)",3,3660,"https://studyin.lt/programs/quantitative-economics/","English"
"Management","Vilnius University","Bachelor's studies (university)",4,3660,"https://studyin.lt/programs/management-3/","English"
"Accounting and Audit","Vilnius University","Bachelor's studies (university)",4,3660,"https://studyin.lt/programs/accounting-and-audit/","English"
"Global Marketing","Vilnius University","Bachelor's studies (university)",3.5,3660,"https://studyin.lt/programs/global-marketing/","English"
"International Business","Vilnius University","Bachelor's studies (university)",3.5,3980,"https://studyin.lt/programs/international-business-4/","English"
"Aesthetic Cosmetology","SMK College of Applied Sciences","Bachelor's studies (college)",3,2950,"https://studyin.lt/programs/aesthetic-cosmetology/","English"
"Law and Global Security","Mykolas Romeris University","Bachelor's studies (university)",3.5,3176,"https://studyin.lt/programs/law-and-global-security/","English"
"Construction / Строительство","Šiaulių valstybinė kolegija / Higher Education Institution","Bachelor's studies (college)",3,3300,"https://studyin.lt/programs/construction-%d1%81%d1%82%d1%80%d0%be%d0%b8%d1%82%d0%b5%d0%bb%d1%8c%d1%81%d1%82%d0%b2%d0%be/","Russian"
"Digital Business","Vilnius Business College / Higher Education Institution","Bachelor's studies (college)",3,3100,"https://studyin.lt/programs/digital-business/","English"
"Sustainable Corporate Finance and Investments","Vilnius University","Master‘s studies",1.5,5980,"https://studyin.lt/programs/sustainable-corporate-finance-and-investments/","English"
"Human Resources Management","Vilnius University","Master‘s studies",1.5,5460,"https://studyin.lt/programs/human-resources-management/","English"
"Business Process Management","Vilnius University","Master‘s studies",1.5,5460,"https://studyin.lt/programs/business-process-management/","English"
"Business Leadership","Vilnius Gediminas Technical University (VILNIUS TECH)","Master‘s studies",1.5,4384,"https://studyin.lt/programs/business-leadership/","English"
"Nanobiotechnology","Vilnius Gediminas Technical University (VILNIUS TECH)","Master‘s studies",2,5266,"https://studyin.lt/programs/nanobiotechnology/","English"
"Transport Logistics","Vilnius Gediminas Technical University (VILNIUS TECH)","Master‘s studies",1.5,4384,"https://studyin.lt/programs/transport-logistics-2/","English"
"Marine Engineering","Lithuanian Maritime Academy","Bachelor's studies (college)",4,3120,"https://studyin.lt/programs/marine-power-plant-operation/","English"
"Multimedia Design","Vilnius Gediminas Technical University (VILNIUS TECH)","Bachelor's studies (university)",4,3836,"https://studyin.lt/programs/multimedia-design-2/","English"
"Medical Engineering","Vilnius Gediminas Technical University (VILNIUS TECH)","Bachelor's studies (university)",4,3836,"https://studyin.lt/programs/biomechanics/","English"
"Information and Communication Technologies","Vilnius Gediminas Technical University (VILNIUS TECH)","Bachelor's studies (university)",4,3836,"https://studyin.lt/programs/information-and-communication-technologies/","English"
"Environmental Technology","Vilnius Gediminas Technical University (VILNIUS TECH)","Bachelor's studies (university)",4,3836,"https://studyin.lt/programs/environmental-protection-engineering/","English"
"Management of Organizations","Klaipėdos valstybinė kolegija / Higher Education Institution","Bachelor's studies (college)",3,2600,"https://studyin.lt/programs/administration-of-institutions-and-companies/","English"
"Social Work","Klaipėdos valstybinė kolegija / Higher Education Institution","Bachelor's studies (college)",3,2680,"https://studyin.lt/programs/social-work-2/","English"
"Sustainable and Energy Efficient Buildings","Kaunas University of Technology","Master‘s studies",1.5,5538,"https://studyin.lt/programs/sustainable-and-energy-efficient-buildings/","English"
"Dental Hygiene","Lithuanian University of Health Sciences","Bachelor's studies (university)",4,4108,"https://studyin.lt/programs/dental-hygiene-3/","English"
"Laboratory Medicine Biology","Lithuanian University of Health Sciences","Master‘s studies",2,6985,"https://studyin.lt/programs/laboratory-medicine-biology/","English"
"Multimedia and Internet Technologies","Vytautas Magnus University","Bachelor's studies (university)",4,3836,"https://studyin.lt/programs/11669/","English"
"Mathematics and its Application: Specialization Mathematics of Artificial Intelligence","Vytautas Magnus University","Bachelor's studies (university)",4,3836,"https://studyin.lt/programs/mathematics-and-its-application-specialization-artificial-intelligence-mathematics/","English"
"General Practice Nursing","SMK College of Applied Sciences","Bachelor's studies (college)",3.5,2950,"https://studyin.lt/programs/general-practice-nursing/","English"
"English and Another Foreign Language (German)","Vilnius University","Bachelor's studies (university)",4,3150,"https://studyin.lt/programs/english-and-another-foreign-language-german/","German"
"Gender Studies","European Humanities University","Master‘s studies",1.5,3500,"https://studyin.lt/programs/gender-studies/","English"
"Business Management and Startup Building","Mykolas Romeris University","Bachelor's studies (university)",3,3176,"https://studyin.lt/programs/start-ups-building-and-management/","English"
"Politics of Global Challenges","Vilnius University","Bachelor's studies (university)",4,2954,"https://studyin.lt/programs/politics-of-global-challenges/","English"
"Public Relations Management","Mykolas Romeris University","Master‘s studies",1.5,4606,"https://studyin.lt/programs/public-relations-management/","English"
"Global Leadership and Strategy","ISM University of Management and Economics","Master‘s studies",1.5,4300,"https://studyin.lt/programs/global-leadership-and-strategy/","English"
"Entrepreneurship and Innovation","ISM University of Management and Economics","Non-degree studies",3,3720,"https://studyin.lt/programs/entrepreneurship-and-innovation/","English"
"Integrated Communication","Kazimieras Simonavicius University (KSU)","Master‘s studies",1.5,4400,"https://studyin.lt/programs/masters-integrated-communication/","English"
"Fashion Industry","Kazimieras Simonavicius University (KSU)","Bachelor's studies (university)",3.5,3500,"https://studyin.lt/programs/bachelors-fashion-industry/","English"
"Business Management","Kazimieras Simonavicius University (KSU)","Bachelor's studies (university)",3.5,3400,"https://studyin.lt/programs/bachelors-business-management/","English"
"INNOVATIVE ELECTRICAL AND AUTOMATION SYSTEMS","Klaipeda University","Master‘s studies",2,5538,"https://studyin.lt/programs/innovative-electrical-and-automation-systems/","English"
"MSc Adapted Physical Activity","Lithuanian Sports University","Master‘s studies",2,2900,"https://studyin.lt/programs/adapted-physical-activity/","English"
"Video Production and Media","SMK College of Applied Sciences","Bachelor's studies (college)",3,2950,"https://studyin.lt/programs/video-creation-and-media/","English"
"Programming and Multimedia","SMK College of Applied Sciences","Bachelor's studies (college)",3,2950,"https://studyin.lt/programs/programming-and-multimedia/","English"
"Digital Communication","SMK College of Applied Sciences","Bachelor's studies (college)",3,2500,"https://studyin.lt/programs/digital-communication/","English"
"Finances and Investment Management","SMK College of Applied Sciences","Bachelor's studies (college)",3,2450,"https://studyin.lt/programs/transport-and-logistics-business-2/","English"
"Медиа и коммуникация","European Humanities University","Bachelor's studies (university)",4,3100,"https://studyin.lt/programs/%d0%bc%d0%b5%d0%b4%d0%b8%d0%b0-%d0%b8-%d0%ba%d0%be%d0%bc%d0%bc%d1%83%d0%bd%d0%b8%d0%ba%d0%b0%d1%86%d0%b8%d1%8f/","Russian"
"Европейское наследие","European Humanities University","Bachelor's studies (university)",4,3000,"https://studyin.lt/programs/%d0%b5%d0%b2%d1%80%d0%be%d0%bf%d0%b5%d0%b9%d1%81%d0%ba%d0%be%d0%b5-%d0%bd%d0%b0%d1%81%d0%bb%d0%b5%d0%b4%d0%b8%d0%b5/","Russian"
"Визуальный дизайн","European Humanities University","Bachelor's studies (university)",4,3200,"https://studyin.lt/programs/%d0%b2%d0%b8%d0%b7%d1%83%d0%b0%d0%bb%d1%8c%d0%bd%d1%8b%d0%b9-%d0%b4%d0%b8%d0%b7%d0%b0%d0%b9%d0%bd/","Russian"
"Международное право и право Европейского союза","European Humanities University","Integrated studies",5,3200,"https://studyin.lt/programs/%d0%bc%d0%b5%d0%b6%d0%b4%d1%83%d0%bd%d0%b0%d1%80%d0%be%d0%b4%d0%bd%d0%be%d0%b5-%d0%bf%d1%80%d0%b0%d0%b2%d0%be-%d0%b8-%d0%bf%d1%80%d0%b0%d0%b2%d0%be-%d0%b5%d0%b2%d1%80%d0%be%d0%bf%d0%b5%d0%b9%d1%81/","Russian"
"Мировая политика и экономика","European Humanities University","Bachelor's studies (university)",4,3100,"https://studyin.lt/programs/%d0%bc%d0%b8%d1%80%d0%be%d0%b2%d0%b0%d1%8f-%d0%bf%d0%be%d0%bb%d0%b8%d1%82%d0%b8%d0%ba%d0%b0-%d0%b8-%d1%8d%d0%ba%d0%be%d0%bd%d0%be%d0%bc%d0%b8%d0%ba%d0%b0/","Russian"
"Визуальная пластика","European Humanities University","Master‘s studies",2,3700,"https://studyin.lt/programs/%d0%b2%d0%b8%d0%b7%d1%83%d0%b0%d0%bb%d1%8c%d0%bd%d0%b0%d1%8f-%d0%bf%d0%bb%d0%b0%d1%81%d1%82%d0%b8%d0%ba%d0%b0/","Russian"
"Развитие культурного наследия","European Humanities University","Master‘s studies",1.5,3500,"https://studyin.lt/programs/%d1%80%d0%b0%d0%b7%d0%b2%d0%b8%d1%82%d0%b8%d0%b5-%d0%ba%d1%83%d0%bb%d1%8c%d1%82%d1%83%d1%80%d0%bd%d0%be%d0%b3%d0%be-%d0%bd%d0%b0%d1%81%d0%bb%d0%b5%d0%b4%d0%b8%d1%8f/","Russian"
"Публичная политика","European Humanities University","Master‘s studies",1.5,3500,"https://studyin.lt/programs/%d0%bf%d1%83%d0%b1%d0%bb%d0%b8%d1%87%d0%bd%d0%b0%d1%8f-%d0%bf%d0%be%d0%bb%d0%b8%d1%82%d0%b8%d0%ba%d0%b0/","Russian"
"Философия","European Humanities University","Doctoral studies",4,3400,"https://studyin.lt/programs/%d1%84%d0%b8%d0%bb%d0%be%d1%81%d0%be%d1%84%d0%b8%d1%8f/","Russian"
"MA in Teaching English to Speakers of Other Languages (TESOL)","LCC International University","Master‘s studies",2,2750,"https://studyin.lt/programs/english-teaching/","English"
"Intensive English language preparatory course (A1 – B2)","Kaunas University of Technology","Preparatory courses",0.5,700,"https://studyin.lt/programs/intensive-english-language-preparatory-course-a1-b2/","English"
"Materials Physics","Kaunas University of Technology","Master‘s studies",2,5538,"https://studyin.lt/programs/materials-physics/","English"
"Industrial Biotechnology","Kaunas University of Technology","Master‘s studies",2,5538,"https://studyin.lt/programs/industrial-biotechnology/","English"
"Applied Chemistry","Kaunas University of Technology","Master‘s studies",2,5538,"https://studyin.lt/programs/applied-chemistry/","English"
"Business Digitalization Management","Kaunas University of Technology","Bachelor's studies (university)",4,3176,"https://studyin.lt/programs/digital-business-management/","English"
"Food Science and Technology","Kaunas University of Technology","Bachelor's studies (university)",4,4108,"https://studyin.lt/programs/food-science-and-technology/","English"
"Artificial Intelligence","Kaunas University of Technology","Bachelor's studies (university)",4,4108,"https://studyin.lt/programs/artificial-intelligence/","English"
"Театральное искусство и актёрская игра","European Humanities University","Bachelor's studies (university)",4,3600,"https://studyin.lt/programs/%d1%82%d0%b5%d0%b0%d1%82%d1%80%d0%b0%d0%bb%d1%8c%d0%bd%d0%be%d0%b5-%d0%b8%d1%81%d0%ba%d1%83%d1%81%d1%81%d1%82%d0%b2%d0%be/","Russian"
"Foreign Languages and Cultures: Italian Studies and Romance Languages, German Language and Communication","Vytautas Magnus University","Bachelor's studies (university)",4,3836,"https://studyin.lt/programs/smart-engineering/","German"
"Dance (in Vilnius)","Lithuanian Academy of Music and Theatre","Bachelor's studies (university)",4,4664,"https://studyin.lt/programs/dance-in-vilnius/","English"
"Popular Music","Vilniaus kolegija / Higher Education Institution","Bachelor's studies (college)",3,0,"https://studyin.lt/programs/popular-music/","English"
"Performing Arts","Vytautas Magnus University","Bachelor's studies (university)",4,8457,"https://studyin.lt/programs/9142/","English"
"Cybersecurity Management","Mykolas Romeris University","Master‘s studies",2,4606,"https://studyin.lt/programs/cybersecurity-management/","English"
"Preparatory English Language Courses B1","Mykolas Romeris University","Non-degree studies",0.5,1980,"https://studyin.lt/programs/preparatory-english-language-b1/","English"
"Management of Tourism Services","Utenos kolegija / Higher Education Institution","Bachelor's studies (college)",3,2224,"https://studyin.lt/programs/tourism-and-hotel-administration/","English"
"Maritime Transport Logistics Technologies","Lithuanian Maritime Academy","Bachelor's studies (college)",3,2880,"https://studyin.lt/programs/maritime-transport-logistics-technologies/","English"
"Medical and Veterinary Genetics","Lithuanian University of Health Sciences","Bachelor's studies (university)",3.5,4108,"https://studyin.lt/programs/medical-and-veterinary-genetics/","English"
"Academic English Preparatory Programme","Vilnius Business College / Higher Education Institution","Preparatory courses",0.5,1500,"https://studyin.lt/programs/academic-english-preparatory-programme/","English"
"English Foundation","SMK College of Applied Sciences","Preparatory courses",0.5,1400,"https://studyin.lt/programs/english-foundation-prep-programme/","English"
"Marketing and Advertising","SMK College of Applied Sciences","Bachelor's studies (college)",3,2300,"https://studyin.lt/programs/marketing-and-advertisement/","English"
"Tourism and Recreation","SMK College of Applied Sciences","Bachelor's studies (college)",3,2100,"https://studyin.lt/programs/tourism-and-recreation/","English"
"International Business","SMK College of Applied Sciences","Bachelor's studies (college)",3,2450,"https://studyin.lt/programs/international-business-7/","English"
"Music Studies (in Vilnius)","Lithuanian Academy of Music and Theatre","Bachelor's studies (university)",4,7608,"https://studyin.lt/programs/music-studies-in-vilnius/","English"
"Music Performance (in Vilnius and Klaipėda)","Lithuanian Academy of Music and Theatre","Bachelor's studies (university)",4,7608,"https://studyin.lt/programs/music-performance-in-vilnius-and-klaipeda/","English"
"Composition (in Vilnius)","Lithuanian Academy of Music and Theatre","Master‘s studies",2,8960,"https://studyin.lt/programs/composition-in-vilnius/","English"
"Dance Subcultures (in Klaipėda)","Lithuanian Academy of Music and Theatre","Bachelor's studies (university)",4,4664,"https://studyin.lt/programs/dance-subcultures-in-klaipeda/","English"
"Aviation Management Online","Kazimieras Simonavicius University (KSU)","Bachelor's studies (university)",3.5,5000,"https://studyin.lt/programs/aviation-management-online/","English"
"Organizational Innovation and Management","Kazimieras Simonavicius University (KSU)","Master‘s studies",1.5,4400,"https://studyin.lt/programs/organizational-innovation-and-management/","English"
"Design/Product Design (Telšiai)","Vilnius Academy of Arts","Bachelor's studies (university)",4,5555,"https://studyin.lt/programs/design-product-design-telsiai/","English"
"Textile and Art Design (Vilnius)","Vilnius Academy of Arts","Bachelor's studies (university)",4,5555,"https://studyin.lt/programs/textile-and-art-design-vilnius-2/","English"
"Site-specific Art/Stained Glass (Vilnius)","Vilnius Academy of Arts","Bachelor's studies (university)",4,5555,"https://studyin.lt/programs/site-specific-art-stained-glass-vilnius-2/","English"
"Sculpture (Vilnius)","Vilnius Academy of Arts","Bachelor's studies (university)",4,5555,"https://studyin.lt/programs/sculpture-vilnius-2/","English"
"Ceramics (Vilnius)","Vilnius Academy of Arts","Bachelor's studies (university)",4,5555,"https://studyin.lt/programs/ceramics-vilnius/","English"
"Metal Art and Jewelry (Telšiai)","Vilnius Academy of Arts","Bachelor's studies (university)",4,5555,"https://studyin.lt/programs/metal-art-and-jewelry-telsiai/","English"
"Design (Vilnius)","Vilnius Academy of Arts","Master‘s studies",2,6985,"https://studyin.lt/programs/design-vilnius/","English"
"Ceramics (Vilnius)","Vilnius Academy of Arts","Master‘s studies",2,6985,"https://studyin.lt/programs/applied-ceramics-vilnius/","English"
"Graphic Art (Vilnius)","Vilnius Academy of Arts","Master‘s studies",2,6985,"https://studyin.lt/programs/graphics-vilnius/","English"
"Painting (Vilnius)","Vilnius Academy of Arts","Master‘s studies",2,6985,"https://studyin.lt/programs/painting-vilnius/","English"
"Photography and Media Arts (Vilnius)","Vilnius Academy of Arts","Master‘s studies",2,6985,"https://studyin.lt/programs/photography-and-media-arts-vilnius/","English"
"Scenography (Vilnius)","Vilnius Academy of Arts","Master‘s studies",2,6985,"https://studyin.lt/programs/scenography-vilnius/","English"
"Sculpture (Vilnius)","Vilnius Academy of Arts","Master‘s studies",2,6985,"https://studyin.lt/programs/sculpture-vilnius/","English"
"Textile and Art Design (Vilnius)","Vilnius Academy of Arts","Master‘s studies",2,6985,"https://studyin.lt/programs/textile-and-art-design-vilnius/","English"
"Ceramics (Kaunas)","Vilnius Academy of Arts","Master‘s studies",2,6985,"https://studyin.lt/programs/applied-ceramics-kaunas/","English"
"Visual Communication Design (Vilnius)","Vilnius Academy of Arts","Master‘s studies",2,6985,"https://studyin.lt/programs/visual-communication-design-vilnius/","English"
"Site-specific Art/Fresco-mosaic (Vilnius)","Vilnius Academy of Arts","Master‘s studies",2,6985,"https://studyin.lt/programs/site-specific-art-fresco-mosaic-vilnius/","English"
"Glass and Art Design (Kaunas)","Vilnius Academy of Arts","Master‘s studies",2,6985,"https://studyin.lt/programs/glass-and-art-design-kaunas/","English"
"Sculpture (Kaunas)","Vilnius Academy of Arts","Master‘s studies",2,6985,"https://studyin.lt/programs/sculpture-kaunas/","English"
"Textile Art Media (Kaunas)","Vilnius Academy of Arts","Master‘s studies",2,6985,"https://studyin.lt/programs/textile-art-media-kaunas/","English"
"Applied Arts (Telšiai)","Vilnius Academy of Arts","Master‘s studies",2,6985,"https://studyin.lt/programs/applied-arts-telsiai/","English"
"Culinary Arts","St. Ignatius of Loyola College","Bachelor's studies (college)",3,5200,"https://studyin.lt/programs/culinary-arts/","English"
"Emergency Medical Aid","St. Ignatius of Loyola College","Bachelor's studies (college)",3,5200,"https://studyin.lt/programs/emergency-medical-aid/","English"
"Orthopedic Technology","St. Ignatius of Loyola College","Bachelor's studies (college)",3,5200,"https://studyin.lt/programs/orthopedic-technology/","English"
"Development and Maintenance of Information Systems","Panevėžio kolegija / State Higher Education Institution","Bachelor's studies (college)",3,2500,"https://studyin.lt/programs/development-and-maintenance-of-information-systems/","English"
"Construction","Panevėžio kolegija / State Higher Education Institution","Bachelor's studies (college)",3,2500,"https://studyin.lt/programs/construction/","English"
"International Business","Panevėžio kolegija / State Higher Education Institution","Bachelor's studies (college)",3,2000,"https://studyin.lt/programs/international-business-6/","English"
"Logistics","Panevėžio kolegija / State Higher Education Institution","Bachelor's studies (college)",3,2000,"https://studyin.lt/programs/logistics/","English"
"Beauty Therapy","Panevėžio kolegija / State Higher Education Institution","Bachelor's studies (college)",3,2500,"https://studyin.lt/programs/beauty-therapy-2/","English"
"Physiotherapy","Panevėžio kolegija / State Higher Education Institution","Bachelor's studies (college)",3,2500,"https://studyin.lt/programs/physiotherapy-5/","English"
"General Practice Nursing","Panevėžio kolegija / State Higher Education Institution","Bachelor's studies (college)",3.5,2500,"https://studyin.lt/programs/general-practice-nursing-5/","English"
"Sociology","Kaunas University of Technology","Doctoral studies",4,0,"https://studyin.lt/programs/sociology/","English"
"Theatre Art and Acting","European Humanities University","Bachelor's studies (university)",4,3600,"https://studyin.lt/programs/acting/","English"
"Pre-Medical Course","Lithuanian University of Health Sciences","Preparatory courses",NA,2200,"https://studyin.lt/programs/pre-medical-course/","English"
"Energy Technologies and Economics","Kaunas University of Technology","Master‘s studies",2,5538,"https://studyin.lt/programs/energy-technologies-and-economics/","English"
"Renewable Energy Engineering","Kaunas University of Technology","Bachelor's studies (university)",4,4108,"https://studyin.lt/programs/renewable-energy-engineering/","English"
"Public Governance and Civil Society","Kaunas University of Technology","Bachelor's studies (university)",4,3176,"https://studyin.lt/programs/public-governance-and-civil-society/","English"
"Communication Studies and Information Management Technologies","Kaunas University of Technology","Bachelor's studies (university)",3,3176,"https://studyin.lt/programs/communication-studies-and-information-management-technologies/","English"
"MARINE TRANSPORT ENGINEERING","Klaipeda University","Bachelor's studies (university)",4,4108,"https://studyin.lt/programs/marine-transport-engineering/","English"
"Management","Vilnius University","Doctoral studies",4,0,"https://studyin.lt/programs/management-5/","English"
"Applied English Linguistics","Vytautas Magnus University","Master‘s studies",1.5,4384,"https://studyin.lt/programs/applied-english-linguistics/","English"
"Global Business and Modern Marketing","Mykolas Romeris University","Bachelor's studies (university)",3,3176,"https://studyin.lt/programs/global-business-and-modern-marketing/","English"
"English for Specific Purposes and Korean studies","Mykolas Romeris University","Bachelor's studies (university)",3.5,4108,"https://studyin.lt/programs/english-for-specific-purposes-and-korean-studies/","English"
"LegalTech (LLM)","Mykolas Romeris University","Master‘s studies",1,3454,"https://studyin.lt/programs/legaltech-llm/","English"
"Mediation (LLM)","Mykolas Romeris University","Master‘s studies",1,3454,"https://studyin.lt/programs/mediation-llm/","English"
"PHYSICAL ACTIVITY AND SPORT PEDAGOGY","Klaipeda University","Master‘s studies",1.5,5538,"https://studyin.lt/programs/physicalactivity-andsportpedagogy/","English"
"Joint Master: MARINE BIOTECHNOLOGY","Klaipeda University","Master‘s studies",2,5000,"https://studyin.lt/programs/marine-biology/","English"
"PRODUCTION ENGINEERING","Klaipeda University","Master‘s studies",2,5538,"https://studyin.lt/programs/production-engineering/","English"
"CHEMICAL ENGINEERING (Environment and Energy)","Klaipeda University","Bachelor's studies (university)",3.5,4108,"https://studyin.lt/programs/chemical-engineering-environment-and-energy/","English"
"Medicinal Chemistry","Lithuanian University of Health Sciences","Master‘s studies",2,5538,"https://studyin.lt/programs/medicinal-chemistry-2/","English"
"English for Public Relations","Kauno kolegija Higher Education Institution","Bachelor's studies (college)",3,2951,"https://studyin.lt/programs/english-for-public-relations/","English"
"International Business","Kauno kolegija Higher Education Institution","Bachelor's studies (college)",3,2573,"https://studyin.lt/programs/international-business-3/","English"
"Law, Technology and Business","Mykolas Romeris University","Master‘s studies",1.5,3454,"https://studyin.lt/programs/law-technology-and-business/","English"
"Animal and Human Interaction","Lithuanian University of Health Sciences","Master‘s studies",1.5,5538,"https://studyin.lt/programs/animal-and-human-interaction/","English"
"Clinical Health Psychology","Lithuanian University of Health Sciences","Master‘s studies",2,5538,"https://studyin.lt/programs/clinical-health-psychology/","English"
"Physiotherapy","Lithuanian University of Health Sciences","Bachelor's studies (university)",4,4108,"https://studyin.lt/programs/physiotherapy-3/","English"
"Marine Electrical and Electronic Engineering","Lithuanian Maritime Academy","Bachelor's studies (college)",3.5,3120,"https://studyin.lt/programs/marine-engineering/","English"
"Marine Navigation","Lithuanian Maritime Academy","Bachelor's studies (college)",4,3120,"https://studyin.lt/programs/marine-navigation/","English"
"Child Welfare and Social Security (Only in the Lithuanian language)","Kolpingo kolegija / Kolping Higher Education Institution","Bachelor's studies (college)",3,2600,"https://studyin.lt/programs/child-welfare-and-social-security/","English"
"Social Work Management (2025 intake)","Kolpingo kolegija / Kolping Higher Education Institution","Bachelor's studies (college)",3,2600,"https://studyin.lt/programs/social-work-management/","English"
"Philosophy","European Humanities University","Doctoral studies",4,3400,"https://studyin.lt/programs/philosophy/","English"
"Public Policy","European Humanities University","Master‘s studies",1.5,3500,"https://studyin.lt/programs/public-policy/","English"
"Cultural Heritage Development","European Humanities University","Master‘s studies",1.5,3500,"https://studyin.lt/programs/cultural-heritage-development/","English"
"Visual Plastic Art","European Humanities University","Master‘s studies",2,3700,"https://studyin.lt/programs/visual-plastic-art/","English"
"World Politics and Economics","European Humanities University","Bachelor's studies (university)",4,3100,"https://studyin.lt/programs/world-politics-and-economics-ehu/","English"
"International Law and Law of the European Union","European Humanities University","Integrated studies",5,3200,"https://studyin.lt/programs/international-law-and-law-of-the-european-union/","English"
"Visual Design","European Humanities University","Bachelor's studies (university)",4,3200,"https://studyin.lt/programs/visual-design/","English"
"European Heritage","European Humanities University","Bachelor's studies (university)",4,3000,"https://studyin.lt/programs/european-heritage/","English"
"Game Development","Vilnius Business College / Higher Education Institution","Bachelor's studies (college)",3,3400,"https://studyin.lt/programs/game-development/","English"
"Programming and Internet Technologies","Vilnius Business College / Higher Education Institution","Bachelor's studies (college)",3,3400,"https://studyin.lt/programs/programming-and-internet-technologies/","English"
"Business Management and Marketing","Vilnius Business College / Higher Education Institution","Bachelor's studies (college)",3,3100,"https://studyin.lt/programs/business-management-and-marketing/","English"
"Software Engineering","Vilniaus kolegija / Higher Education Institution","Bachelor's studies (college)",3.5,0,"https://studyin.lt/programs/software-engineering/","English"
"Business Economics","Vilniaus kolegija / Higher Education Institution","Bachelor's studies (college)",3,0,"https://studyin.lt/programs/business-economics/","English"
"Banking","Vilniaus kolegija / Higher Education Institution","Bachelor's studies (college)",3,0,"https://studyin.lt/programs/banking/","English"
"Tourism Management","Vilniaus kolegija / Higher Education Institution","Bachelor's studies (college)",3,0,"https://studyin.lt/programs/tourism-management/","English"
"Hotel and Restaurant Business","Vilniaus kolegija / Higher Education Institution","Bachelor's studies (college)",3,0,"https://studyin.lt/programs/hotel-and-restaurant-business/","English"
"Creativity and Business Innovations","Vilniaus kolegija / Higher Education Institution","Bachelor's studies (college)",3,0,"https://studyin.lt/programs/creativity-and-business-innovations/","English"
"Economics and Finance","Vytautas Magnus University","Bachelor's studies (university)",3,2954,"https://studyin.lt/programs/economics-and-finance/","English"
"Sustainable Engineering","Vytautas Magnus University","Bachelor's studies (university)",4,3836,"https://studyin.lt/programs/sustainable-energy/","English"
"9th PhD Summer School, 2-6 June, 2025","Kaunas University of Technology","Summer schools",0,420,"https://studyin.lt/programs/7th-phd-summer-school/","English"
"Social Work","Utenos kolegija / Higher Education Institution","Bachelor's studies (college)",3,2224,"https://studyin.lt/programs/social-work-3/","English"
"Business Management and Innovations","Utenos kolegija / Higher Education Institution","Bachelor's studies (college)",3,2224,"https://studyin.lt/programs/business-management-4/","English"
"Accounting","Utenos kolegija / Higher Education Institution","Bachelor's studies (college)",3,1560,"https://studyin.lt/programs/accounting/","English"
"Law","Utenos kolegija / Higher Education Institution","Bachelor's studies (college)",3,1560,"https://studyin.lt/programs/law-2/","English"
"Cosmetology","Utenos kolegija / Higher Education Institution","Bachelor's studies (college)",3,1980,"https://studyin.lt/programs/beauty-therapy/","English"
"General Practice Nursing","Utenos kolegija / Higher Education Institution","Bachelor's studies (college)",3.5,3005,"https://studyin.lt/programs/general-practice-nursing-4/","English"
"Physiotherapy","Utenos kolegija / Higher Education Institution","Bachelor's studies (college)",3,2400,"https://studyin.lt/programs/physiotherapy-9/","English"
"Odontological Care","Utenos kolegija / Higher Education Institution","Bachelor's studies (college)",3,1980,"https://studyin.lt/programs/odontological-care/","English"
"Foodstuff Technology","Utenos kolegija / Higher Education Institution","Bachelor's studies (college)",3,1980,"https://studyin.lt/programs/foodstuff-technology/","English"
"Information Systems Engineering","Utenos kolegija / Higher Education Institution","Bachelor's studies (college)",3,3005,"https://studyin.lt/programs/information-systems-engineering-2/","English"
"Automatic Control Systems","Utenos kolegija / Higher Education Institution","Bachelor's studies (college)",3,2400,"https://studyin.lt/programs/automatic-control-systems/","English"
"Environment Protection Engineering","Utenos kolegija / Higher Education Institution","Bachelor's studies (college)",3,1980,"https://studyin.lt/programs/environment-protection-engineering/","English"
"Security Policy and Diplomacy","Mykolas Romeris University","Master‘s studies",1.5,4606,"https://studyin.lt/programs/international-politicy-studies/","English"
"Logistics Management","Mykolas Romeris University","Master‘s studies",1.5,4606,"https://studyin.lt/programs/logistics-management/","English"
"Performing Arts","Vytautas Magnus University","Master‘s studies",2,9887,"https://studyin.lt/programs/performing-arts/","English"
"Future Media and Journalism","Vytautas Magnus University","Master‘s studies",1.5,4384,"https://studyin.lt/programs/future-media-and-journalism/","English"
"Sociolinguistics and Multilingualism","Vytautas Magnus University","Master‘s studies",2,250,"https://studyin.lt/programs/sociolinguistics-and-multilingualism/","English"
"Marketing and International Commerce","Vytautas Magnus University","Master‘s studies",2,4384,"https://studyin.lt/programs/marketing-and-international-commerce/","English"
"Exercise, Nutrition and Stress Management","Lithuanian Sports University","Bachelor's studies (university)",4,4000,"https://studyin.lt/programs/physical-activity-and-lifestyle/","English"
"BSc Sports and Tourism Management","Lithuanian Sports University","Bachelor's studies (university)",3,3100,"https://studyin.lt/programs/sports-and-tourism-management/","English"
"PhD Biology","Lithuanian Sports University","Doctoral studies",4,5075,"https://studyin.lt/programs/phd-biology-physiology/","English"
"BSc Sports Coaching","Lithuanian Sports University","Bachelor's studies (university)",4,5400,"https://studyin.lt/programs/sports-coaching/","English"
"BSc Physiotherapy","Lithuanian Sports University","Bachelor's studies (university)",4,2990,"https://studyin.lt/programs/physiotherapy-4/","English"
"PhD Social Sciences: Education","Lithuanian Sports University","Doctoral studies",4,5790,"https://studyin.lt/programs/social-sciences-education/","English"
"International Master in Performance Analysis of Sport","Lithuanian Sports University","Master‘s studies",2,1976,"https://studyin.lt/programs/international-master-in-performance-analysis-of-sport/","English"
"International MSc Basketball Coaching and Management","Lithuanian Sports University","Master‘s studies",2,2000,"https://studyin.lt/programs/international-basketball-coaching-and-management/","English"
"MSc Sports Physiology","Lithuanian Sports University","Master‘s studies",2,1976,"https://studyin.lt/programs/sports-physiology-and-genetics/","English"
"MSc Physiotherapy","Lithuanian Sports University","Master‘s studies",2,1976,"https://studyin.lt/programs/physiotherapy-2/","English"
"MSc Physical Activity and Public Health","Lithuanian Sports University","Master‘s studies",2,1976,"https://studyin.lt/programs/physical-activity-and-public-health/","English"
"Social Anthropology","Vytautas Magnus University","Master‘s studies",2,4384,"https://studyin.lt/programs/social-anthropology/","English"
"Applied Informatics","Vytautas Magnus University","Master‘s studies",2,5266,"https://studyin.lt/programs/applied-informatics/","English"
"Molecular Biology and Biotechnology","Vytautas Magnus University","Master‘s studies",2,5266,"https://studyin.lt/programs/molecular-biology-and-biotechnology/","English"
"Diplomacy and International Relations","Vytautas Magnus University","Master‘s studies",2,4384,"https://studyin.lt/programs/diplomacy-and-international-relations/","English"
"Sociology and Anthropology: specialization Society, Culture and Communication","Vytautas Magnus University","Bachelor's studies (university)",4,2954,"https://studyin.lt/programs/society-culture-and-communication/","English"
"Political Studies: World Politics and Economy","Vytautas Magnus University","Bachelor's studies (university)",4,2954,"https://studyin.lt/programs/world-politics-and-economy/","English"
"Political studies: International Politics and Development Studies","Vytautas Magnus University","Bachelor's studies (university)",4,2954,"https://studyin.lt/programs/international-politics-and-development-studies/","English"
"Environmental Science and Protection","Vytautas Magnus University","Bachelor's studies (university)",4,3836,"https://studyin.lt/programs/environmental-science/","English"
"Biotechnology","Vytautas Magnus University","Bachelor's studies (university)",4,3836,"https://studyin.lt/programs/biotechnology/","English"
"Biology and Genetics","Vytautas Magnus University","Bachelor's studies (university)",4,3836,"https://studyin.lt/programs/biology-and-genetics/","English"
"Informatics Systems","Vytautas Magnus University","Bachelor's studies (university)",4,3836,"https://studyin.lt/programs/informatics-systems/","English"
"English Philology","Vytautas Magnus University","Bachelor's studies (university)",4,3836,"https://studyin.lt/programs/english-philology/","English"
"Business Administration","Vytautas Magnus University","Bachelor's studies (university)",4,2954,"https://studyin.lt/programs/business-administration/","English"
"General Practice Nursing","Šiaulių valstybinė kolegija / Higher Education Institution","Bachelor's studies (college)",3.5,3300,"https://studyin.lt/programs/general-practice-nursing-3/","English"
"Information Systems Technology","Šiaulių valstybinė kolegija / Higher Education Institution","Bachelor's studies (college)",3,3300,"https://studyin.lt/programs/information-systems-technology/","English"
"Education","Kaunas University of Technology","Doctoral studies",4,0,"https://studyin.lt/programs/education/","English"
"Economics","Kaunas University of Technology","Doctoral studies",4,0,"https://studyin.lt/programs/economics-2/","English"
"Management","Kaunas University of Technology","Doctoral studies",4,0,"https://studyin.lt/programs/management/","English"
"Political Sciences","Kaunas University of Technology","Doctoral studies",4,0,"https://studyin.lt/programs/political-sciences/","English"
"Measurement Engineering","Kaunas University of Technology","Doctoral studies",4,0,"https://studyin.lt/programs/measurement-engineering/","English"
"History and Theory of Arts","Kaunas University of Technology","Doctoral studies",4,0,"https://studyin.lt/programs/history-and-theory-of-arts/","English"
"Mechanical Engineering","Kaunas University of Technology","Doctoral studies",4,0,"https://studyin.lt/programs/mechanical-engineering-6/","English"
"Materials Engineering","Kaunas University of Technology","Doctoral studies",4,0,"https://studyin.lt/programs/materials-engineering/","English"
"Informatics Engineering","Kaunas University of Technology","Doctoral studies",4,0,"https://studyin.lt/programs/informatics-engineering-2/","English"
"Energetics and Power Engineering","Kaunas University of Technology","Doctoral studies",4,0,"https://studyin.lt/programs/energetics-and-power-engineering/","English"
"Chemical Engineering","Kaunas University of Technology","Doctoral studies",4,0,"https://studyin.lt/programs/chemical-engineering-2/","English"
"Environmental Engineering","Kaunas University of Technology","Doctoral studies",4,0,"https://studyin.lt/programs/environmental-engineering-2/","English"
"Transport Engineering","Kaunas University of Technology","Doctoral studies",4,0,"https://studyin.lt/programs/transport-engineering/","English"
"Civil Engineering","Kaunas University of Technology","Doctoral studies",4,0,"https://studyin.lt/programs/civil-engineering-3/","English"
"Electrical and Electronic Engineering","Kaunas University of Technology","Doctoral studies",4,0,"https://studyin.lt/programs/electrical-and-electronic-engineering/","English"
"Informatics","Kaunas University of Technology","Doctoral studies",4,0,"https://studyin.lt/programs/informatics-5/","English"
"Chemistry","Kaunas University of Technology","Doctoral studies",4,0,"https://studyin.lt/programs/chemistry/","English"
"Physics","Kaunas University of Technology","Doctoral studies",4,0,"https://studyin.lt/programs/physics/","English"
"Automotive Engineering","Vilnius Gediminas Technical University (VILNIUS TECH)","Master‘s studies",2,5266,"https://studyin.lt/programs/automotive-engineering-2/","English"
"Computer Engineering","Vilnius Gediminas Technical University (VILNIUS TECH)","Master‘s studies",2,5266,"https://studyin.lt/programs/computer-engineering-2/","English"
"Aerospace Engineering","Vilnius Gediminas Technical University (VILNIUS TECH)","Master‘s studies",2,5266,"https://studyin.lt/programs/aviation-mechanics-engineering/","English"
"Mechanical Engineering","Vilnius Gediminas Technical University (VILNIUS TECH)","Master‘s studies",2,5266,"https://studyin.lt/programs/mechanical-engineering-5/","English"
"Global Economics","Vilnius Gediminas Technical University (VILNIUS TECH)","Master‘s studies",1.5,4384,"https://studyin.lt/programs/economics-engineering-3/","English"
"Information and Information Technologies Security","Vilnius Gediminas Technical University (VILNIUS TECH)","Master‘s studies",2,5266,"https://studyin.lt/programs/information-and-information-technologies-security/","English"
"Financial Engineering (FinTech)","Vilnius Gediminas Technical University (VILNIUS TECH)","Master‘s studies",1.5,4384,"https://studyin.lt/programs/financial-engineering-2/","English"
"Structural Engineering","Vilnius Gediminas Technical University (VILNIUS TECH)","Master‘s studies",2,5266,"https://studyin.lt/programs/structural-engineering/","English"
"Mechatronics Systems","Vilnius Gediminas Technical University (VILNIUS TECH)","Master‘s studies",2,5157,"https://studyin.lt/programs/mechatronics-systems/","English"
"Industrial Engineering and Innovation Management","Vilnius Gediminas Technical University (VILNIUS TECH)","Master‘s studies",2,5157,"https://studyin.lt/programs/industrial-engineering-and-innovation-management/","English"
"Business Management","Vilnius Gediminas Technical University (VILNIUS TECH)","Master‘s studies",1.5,4295,"https://studyin.lt/programs/business-management-3/","English"
"Environmental Engineering and Management","Vilnius Gediminas Technical University (VILNIUS TECH)","Master‘s studies",2,5157,"https://studyin.lt/programs/environmental-engineering-and-management/","English"
"Applied Artificial Intelligence","Vilnius Gediminas Technical University (VILNIUS TECH)","Bachelor's studies (university)",4,3727,"https://studyin.lt/programs/digital-manufacturing/","English"
"Creative Industries","Vilnius Gediminas Technical University (VILNIUS TECH)","Bachelor's studies (university)",4,2865,"https://studyin.lt/programs/creative-industries/","English"
"Financial Engineering","Vilnius Gediminas Technical University (VILNIUS TECH)","Bachelor's studies (university)",4,2865,"https://studyin.lt/programs/financial-engineering/","English"
"Mechatronics and Robotics","Vilnius Gediminas Technical University (VILNIUS TECH)","Bachelor's studies (university)",4,3727,"https://studyin.lt/programs/mechatronics-and-robotics/","English"
"Economics Engineering","Vilnius Gediminas Technical University (VILNIUS TECH)","Bachelor's studies (university)",4,2865,"https://studyin.lt/programs/economics-engineering-2/","English"
"Mechanical Engineering","Vilnius Gediminas Technical University (VILNIUS TECH)","Bachelor's studies (university)",4,3727,"https://studyin.lt/programs/mechanical-engineering-4/","English"
"Information Technologies","Vilnius Gediminas Technical University (VILNIUS TECH)","Bachelor's studies (university)",4,3727,"https://studyin.lt/programs/information-technologies/","English"
"Computer Engineering","Vilnius Gediminas Technical University (VILNIUS TECH)","Bachelor's studies (university)",4,3727,"https://studyin.lt/programs/computer-engineering/","English"
"Information Systems Engineering","Vilnius Gediminas Technical University (VILNIUS TECH)","Bachelor's studies (university)",4,3727,"https://studyin.lt/programs/information-systems-engineering/","English"
"Sustainable Management and Production","Kaunas University of Technology","Master‘s studies",2,5538,"https://studyin.lt/programs/sustainable-management-and-production/","English"
"Public Policy and Security","Kaunas University of Technology","Master‘s studies",1.5,4606,"https://studyin.lt/programs/public-policy-and-security/","English"
"Medical Physics","Kaunas University of Technology","Master‘s studies",2,5538,"https://studyin.lt/programs/medical-physics/","English"
"Mechatronics","Kaunas University of Technology","Master‘s studies",2,5538,"https://studyin.lt/programs/mechatronics-2/","English"
"Food Science and Nutrition","Kaunas University of Technology","Master‘s studies",2,5538,"https://studyin.lt/programs/food-science-and-nutrition/","English"
"Environmental Engineering","Kaunas University of Technology","Master‘s studies",2,5538,"https://studyin.lt/programs/environmental-engineering/","English"
"Electrical Power Engineering","Kaunas University of Technology","Master‘s studies",2,5538,"https://studyin.lt/programs/electrical-power-engineering/","English"
"Chemical Engineering","Kaunas University of Technology","Master‘s studies",2,5538,"https://studyin.lt/programs/chemical-engineering/","English"
"Biomedical Engineering","Kaunas University of Technology","Master‘s studies",2,5538,"https://studyin.lt/programs/biomedical-engineering-2/","English"
"Aeronautical Engineering","Kaunas University of Technology","Master‘s studies",2,5538,"https://studyin.lt/programs/aeronautical-engineering/","English"
"International Business","Kaunas University of Technology","Master‘s studies",2,4606,"https://studyin.lt/programs/international-business/","English"
"Accounting and Auditing","Kaunas University of Technology","Master‘s studies",2,4606,"https://studyin.lt/programs/accounting-and-auditing/","English"
"Artificial Intelligence in Computer Science","Kaunas University of Technology","Master‘s studies",2,5538,"https://studyin.lt/programs/artificial-intelligence-in-computer-science/","English"
"Translation and Post-editing of Technical Texts","Kaunas University of Technology","Master‘s studies",2,5538,"https://studyin.lt/programs/translation-and-localization-of-technical-texts/","English"
"Structural and Building Products Engineering","Kaunas University of Technology","Master‘s studies",1.5,5538,"https://studyin.lt/programs/structural-and-building-products-engineering/","English"
"Vehicle Engineering","Kaunas University of Technology","Master‘s studies",2,5538,"https://studyin.lt/programs/vehicle-engineering-2/","English"
"Mechanical Engineering","Kaunas University of Technology","Master‘s studies",2,5538,"https://studyin.lt/programs/mechanical-engineering-3/","English"
"Industrial Engineering and Management","Kaunas University of Technology","Master‘s studies",2,5538,"https://studyin.lt/programs/industrial-engineering-and-management/","English"
"Electronics Engineering","Kaunas University of Technology","Master‘s studies",2,5538,"https://studyin.lt/programs/electronics-engineering-2/","English"
"Control Technologies","Kaunas University of Technology","Master‘s studies",2,5538,"https://studyin.lt/programs/control-technologies/","English"
"Informatics","Kaunas University of Technology","Bachelor's studies (university)",4,4108,"https://studyin.lt/programs/informatics-3/","English"
"Aviation Engineering","Kaunas University of Technology","Bachelor's studies (university)",4,4108,"https://studyin.lt/programs/aviation-engineering/","English"
"Chemical Technology and Engineering","Kaunas University of Technology","Bachelor's studies (university)",4,4108,"https://studyin.lt/programs/chemical-technology-and-engineering/","English"
"Electronics and Electrical Engineering","Kaunas University of Technology","Bachelor's studies (university)",3,4108,"https://studyin.lt/programs/electronics-engineering/","English"
"Materials Physics and Nanotechnologies","Kaunas University of Technology","Bachelor's studies (university)",4,4108,"https://studyin.lt/programs/materials-physics-and-nanotechnologies/","English"
"Mechanical Engineering","Kaunas University of Technology","Bachelor's studies (university)",4,4108,"https://studyin.lt/programs/mechanical-engineering-2/","English"
"Mechatronics","Kaunas University of Technology","Bachelor's studies (university)",4,4108,"https://studyin.lt/programs/mechatronics/","English"
"New Media Language","Kaunas University of Technology","Bachelor's studies (university)",4,3176,"https://studyin.lt/programs/new-media-language/","English"
"Intelligent Robotics Systems","Kaunas University of Technology","Bachelor's studies (university)",4,4108,"https://studyin.lt/programs/robotics/","English"
"Informatics","Klaipėdos valstybinė kolegija / Higher Education Institution","Bachelor's studies (college)",3,3200,"https://studyin.lt/programs/informatics-2/","English"
"Tourism Business","Klaipėdos valstybinė kolegija / Higher Education Institution","Bachelor's studies (college)",3,2600,"https://studyin.lt/programs/tourism-administration/","English"
"Finance","Klaipėdos valstybinė kolegija / Higher Education Institution","Bachelor's studies (college)",3,2600,"https://studyin.lt/programs/finance-2/","English"
"Dental Hygiene","Klaipėdos valstybinė kolegija / Higher Education Institution","Bachelor's studies (college)",3,3005,"https://studyin.lt/programs/dental-hygiene/","English"
"General Practice Nursing","Klaipėdos valstybinė kolegija / Higher Education Institution","Bachelor's studies (college)",3.5,3300,"https://studyin.lt/programs/general-practice-nursing-2/","English"
"Financial Economics","ISM University of Management and Economics","Master‘s studies",2,3225,"https://studyin.lt/programs/financial-economics/","English"
"International Marketing and Management","ISM University of Management and Economics","Master‘s studies",2,3225,"https://studyin.lt/programs/international-marketing-and-management/","English"
"Finance","ISM University of Management and Economics","Bachelor's studies (university)",3.5,3190,"https://studyin.lt/programs/finance/","English"
"International Business and Communication","ISM University of Management and Economics","Bachelor's studies (university)",3.5,3190,"https://studyin.lt/programs/international-business-and-communication/","English"
"International Law","Mykolas Romeris University","Master‘s studies",1.5,4606,"https://studyin.lt/programs/international-law/","English"
"Civil Engineering","Vilnius Gediminas Technical University (VILNIUS TECH)","Bachelor's studies (university)",4,3727,"https://studyin.lt/programs/civil-engineering/","English"
"European Union Law and Governance (Double diploma programme)","Mykolas Romeris University","Master‘s studies",1.5,4606,"https://studyin.lt/programs/european-union-law-and-governance/","English"
"European and International Business Law (Joint study programme)","Mykolas Romeris University","Master‘s studies",2,4606,"https://studyin.lt/programs/european-and-international-business-law/","English"
"Financial Management","Mykolas Romeris University","Master‘s studies",1.5,4606,"https://studyin.lt/programs/financial-ma-management/","English"
"Business Administration, MBA","Mykolas Romeris University","MBA",1,5500,"https://studyin.lt/programs/business-administration-mba/","English"
"Electronic Business and Innovations","Mykolas Romeris University","Master‘s studies",1.5,4606,"https://studyin.lt/programs/electronic-business-management/","English"
"Communication and Digital Marketing","Mykolas Romeris University","Bachelor's studies (university)",3,3176,"https://studyin.lt/programs/communication-and-digital-marketing/","English"
"Psychology","Mykolas Romeris University","Bachelor's studies (university)",3.5,4108,"https://studyin.lt/programs/psychology/","English"
"English for Specific Purposes and the Second Foreign Language","Mykolas Romeris University","Bachelor's studies (university)",3.5,4108,"https://studyin.lt/programs/english-for-specific-purposes-and-the-second-foreign-language/","English"
"Game Development and Digital Animation","Mykolas Romeris University","Bachelor's studies (university)",4,4108,"https://studyin.lt/programs/game-development-digital-animation/","English"
"Business Management","Vilnius Gediminas Technical University (VILNIUS TECH)","Bachelor's studies (university)",4,2865,"https://studyin.lt/programs/business-management-2/","English"
"Architecture","Vilnius Gediminas Technical University (VILNIUS TECH)","Integrated studies",5,5065,"https://studyin.lt/programs/architecture/","English"
"Biomedical Engineering","Vilnius Gediminas Technical University (VILNIUS TECH)","Master‘s studies",2,5157,"https://studyin.lt/programs/biomedical-engineering/","English"
"Health Psychology","Lithuanian University of Health Sciences","Bachelor's studies (university)",4,4108,"https://studyin.lt/programs/health-psychology/","English"
"English Language and Literature","LCC International University","Bachelor's studies (university)",4,4130,"https://studyin.lt/programs/english-language-and-literature/","English"
"Psychology","LCC International University","Bachelor's studies (university)",4,4130,"https://studyin.lt/programs/psychology-2/","English"
"Theology","LCC International University","Bachelor's studies (university)",4,4130,"https://studyin.lt/programs/evangelical-theology/","English"
"International Relations and Development","LCC International University","Bachelor's studies (university)",4,4130,"https://studyin.lt/programs/international-relations-and-development/","English"
"Applied Informatics and Programming","Lithuania Business University of Applied Sciences","Bachelor's studies (university)",3,3000,"https://studyin.lt/programs/applied-informatics-and-programming/","English"
"Tourism and Entertainment Business Industry","Lithuania Business University of Applied Sciences","Bachelor's studies (university)",3,3000,"https://studyin.lt/programs/tourism-and-entertainment-business-industry/","English"
"Sales and Logistics Management","Lithuania Business University of Applied Sciences","Bachelor's studies (university)",3,3000,"https://studyin.lt/programs/sales-and-logistics-management/","English"
"Smart Management","Lithuania Business University of Applied Sciences","Bachelor's studies (university)",3,3000,"https://studyin.lt/programs/smart-management/","English"
"Automotive Engineering","Vilnius Gediminas Technical University (VILNIUS TECH)","Bachelor's studies (university)",4,3727,"https://studyin.lt/programs/automotive-engineering/","English"
"Electrical Energetics Systems Engineering","Vilnius Gediminas Technical University (VILNIUS TECH)","Master‘s studies",2,5157,"https://studyin.lt/programs/electricsl-energetics-systems-engineering/","English"
"ENGLISH AND ANOTHER FOREIGN LANGUAGE (German/French) AND BUSINESS COMMUNICATION","Klaipeda University","Master‘s studies",2,4606,"https://studyin.lt/programs/english-and-another-foreign-language-german-french-and-business-communication/","German"
"REGIONAL GOVERNANCE","Klaipeda University","Master‘s studies",1.5,4606,"https://studyin.lt/programs/regional-governance/","English"
"BUSINESS MANAGEMENT","Klaipeda University","Master‘s studies",2,4606,"https://studyin.lt/programs/business-management-6/","English"
"HEALTH CARE MANAGEMENT","Klaipeda University","Master‘s studies",2,4606,"https://studyin.lt/programs/health-care-management/","English"
"INNOVATIVE PROCESSES ENGINEERING","Klaipeda University","Master‘s studies",2,5538,"https://studyin.lt/programs/oil-and-gas-process-engineering/","English"
"SHIPPING AND PORT ENGINEERING","Klaipeda University","Master‘s studies",2,5538,"https://studyin.lt/programs/shipping-port-engineering/","English"
"ELECTRICAL ENGINEERING","Klaipeda University","Bachelor's studies (university)",4,4108,"https://studyin.lt/programs/electrical-engineering/","English"
"MECHANICAL ENGINEERING","Klaipeda University","Bachelor's studies (university)",4,4108,"https://studyin.lt/programs/mechanical-engineering/","English"
"INFORMATICS","Klaipeda University","Bachelor's studies (university)",4,4108,"https://studyin.lt/programs/informatics-it-software-specializations-software-engineering-smart-systems-development/","English"
"PHYSICAL GEOGRAPHY AND OCEANOGRAPHY","Klaipeda University","Bachelor's studies (university)",4,4108,"https://studyin.lt/programs/physical-geography-and-oceanography/","English"
"Social Work and Crisis Intervention","Klaipeda University","Bachelor's studies (university)",3.5,3176,"https://studyin.lt/programs/social-work-specializations-social-work-in-community-social-work-in-health-care/","English"
"ECONOMICS","Klaipeda University","Bachelor's studies (university)",3.5,3176,"https://studyin.lt/programs/economics/","English"
"MANAGEMENT","Klaipeda University","Bachelor's studies (university)",3.5,3176,"https://studyin.lt/programs/management-4/","English"
"RECREATION AND TOURISM","Klaipeda University","Bachelor's studies (university)",3,2954,"https://studyin.lt/programs/recreation-and-tourism-health-tourism-e-tourism/","English"
"HISTORY OF EUROPE","Klaipeda University","Bachelor's studies (university)",3,3176,"https://studyin.lt/programs/history-of-europe/","English"
"ENGLISH PHILOLOGY","Klaipeda University","Bachelor's studies (university)",4,4108,"https://studyin.lt/programs/english-philology-3/","English"
"Animal Science","Lithuanian University of Health Sciences","Master‘s studies",2,5538,"https://studyin.lt/programs/animal-science/","English"
"Food Science","Lithuanian University of Health Sciences","Master‘s studies",2,5538,"https://studyin.lt/programs/food-science/","English"
"PHYSIOTHERAPY","Klaipeda University","Bachelor's studies (university)",4,4108,"https://studyin.lt/programs/physiotherapy-6/","English"
"Occupational Therapy","Lithuanian University of Health Sciences","Bachelor's studies (university)",4,4108,"https://studyin.lt/programs/occupational-therapy/","English"
"Nursing","Lithuanian University of Health Sciences","Bachelor's studies (university)",4,4300,"https://studyin.lt/programs/nursing/","English"
"Economics Engineering","Vilnius Gediminas Technical University (VILNIUS TECH)","Bachelor's studies (university)",4,2865,"https://studyin.lt/programs/economics-engineering/","English"
"Lifestyle Medicine (Blended)","Lithuanian University of Health Sciences","Master‘s studies",2,5538,"https://studyin.lt/programs/lifestyle-medicine/","English"
"Applied Public Health","Lithuanian University of Health Sciences","Master‘s studies",2,5538,"https://studyin.lt/programs/public-health/","English"
"Veterinary Medicine","Lithuanian University of Health Sciences","Integrated studies",6,9000,"https://studyin.lt/programs/veterinary-medicine/","English"
"Pharmacy","Lithuanian University of Health Sciences","Integrated studies",5,5600,"https://studyin.lt/programs/pharmacy/","English"
"Odontology (Dentistry)","Lithuanian University of Health Sciences","Integrated studies",5,14100,"https://studyin.lt/programs/odontology/","English"
"Media and Communication","European Humanities University","Bachelor's studies (university)",4,3100,"https://studyin.lt/programs/mediaandcommunication/","English"
"MSc Tourism and Sports Management","Lithuanian Sports University","Master‘s studies",2,3650,"https://studyin.lt/programs/tourism-and-sports-management/","English"
"International Business","Vilniaus kolegija / Higher Education Institution","Bachelor's studies (college)",3,0,"https://studyin.lt/programs/international-business-2/","English"
"Image Design","St. Ignatius of Loyola College","Bachelor's studies (college)",3,5200,"https://studyin.lt/programs/image-design/","English"
"International Business","Šiaulių valstybinė kolegija / Higher Education Institution","Bachelor's studies (college)",3,2400,"https://studyin.lt/programs/international-business-5/","English"
"Physiotherapy","Klaipėdos valstybinė kolegija / Higher Education Institution","Bachelor's studies (college)",3,3005,"https://studyin.lt/programs/physiotherapy2/","English"
"LEISURE SPORTS","Klaipeda University","Bachelor's studies (university)",4,4108,"https://studyin.lt/programs/leisuresports/","English"
"Aviation Management","Kazimieras Simonavicius University (KSU)","Bachelor's studies (university)",3.5,5000,"https://studyin.lt/programs/aviation-management/","English"
"Tourism and Hotel Management","Kauno kolegija Higher Education Institution","Bachelor's studies (college)",3,2573,"https://studyin.lt/programs/tourism-and-hotel-management/","English"
"Transport Logistics (Only in the Lithuanian language)","Kolpingo kolegija / Kolping Higher Education Institution","Bachelor's studies (college)",3,2600,"https://studyin.lt/programs/social-business/","English"
"International Business Administration","LCC International University","Bachelor's studies (university)",4,4130,"https://studyin.lt/programs/international-business-administration/","English"
"Economics and Politics","ISM University of Management and Economics","Bachelor's studies (university)",3.5,3190,"https://studyin.lt/programs/economics-and-politics/","English"
"Medicine","Lithuanian University of Health Sciences","Integrated studies",6,12600,"https://studyin.lt/programs/medicine1/","English"
"Architecture","Kaunas University of Technology","Integrated studies",5,5555,"https://studyin.lt/programs/architecture1/","English"
"Music Performance (in Vilnius and Klaipėda)","Lithuanian Academy of Music and Theatre","Master‘s studies",2,8960,"https://studyin.lt/programs/music-performance/","English"
"Building Energy Systems Engineering","Vilnius Gediminas Technical University (VILNIUS TECH)","Bachelor's studies (university)",4,3727,"https://studyin.lt/programs/building-energetics/","English"
